1,samit,hasan,samit@gmail.com,0123456789,Nothing
2,samit,hasan,samit@gmail.com,0123456789,Nothing
3,tasnimul,samit,hasan@gmail.com,0123456789,"Nothing Yet"
4,tamim,iqbal,abcd@gmail.com,025894763,"Nothing Yet"
5,tamim,iqbal,abcd@gmail.com,025894763,"Nothing Yet"
6,tamim,iqbal,abcd@gmail.com,025894763,"Nothing Yet"
7,tamim,iqbal,abcd@gmail.com,025894763,"Nothing Yet"
8,tamim,iqbal,abcd@gmail.com,025894763,"Nothing Yet"
9,tamim,iqbal,abcd@gmail.com,025894744,"Nothing Yet"
10,tamim,iqbal,abcd@gmail.com,01919345688,"Nothing Yet"
11,hasan,khan,khan@gmail.com,01714556658,"Nothing Yet"
12,hasan,khan,khan@gmail.com,01714556658,"Nothing Yet"
13,hasan,khan,khan@gmail.com,01714556658,"Nothing Yet"
14,"abcde ",fghij,abcde@gmail.com,8354602,Good
15,samit,hasan1,hasan1@gmail.com,01822104455,Yes
